example,dataset,model,class,class_name,multi_imv_mean,multi_imv_std,brier_loss_mean,brier_loss_std,accuracy_mean,accuracy_std,precision_mean,precision_std,recall_mean,recall_std
multi_imv_car_evaluation,Car Evaluation,lightgbm,0,unacc,0.4153672884639152,0.0008059697272037,0.0116220173358209,0.0008292261037529,0.9866898148148148,0.0020046884346861,0.9984066647828488,0.0016985633288365,0.9825619834710744,0.0021498196159919
multi_imv_car_evaluation,Car Evaluation,lightgbm,1,acc,0.2677688039849722,0.0004300694946849,0.0179645551952708,0.0005564544018049,0.9813078703703704,0.0014448289591878,0.9467159797013772,0.0063720058314542,0.9705729166666666,0.006144214711523
multi_imv_car_evaluation,Car Evaluation,lightgbm,2,good,0.0371671909882809,0.0003404013562809,0.0069328128265122,0.0007154676578434,0.9918402777777778,0.0018791788391909,0.8589662449311571,0.0214294042607405,0.9521739130434784,0.0313451752608856
multi_imv_car_evaluation,Car Evaluation,lightgbm,3,vgood,0.0374234423503748,0.0001472562174835,0.002453584379895,0.0003459903264635,0.997337962962963,0.0009528618082737,0.9509680693522355,0.0166058274321644,0.98,0.0162976908534058
multi_imv_car_evaluation,Car Evaluation,logistic_regression,0,unacc,0.1478485998975053,0.001205540608985,0.1680185498933493,0.0004489724194602,0.7216435185185185,0.0031342740758626,0.745093323651236,0.001894311963079,0.915785123966942,0.0033389066173279
multi_imv_car_evaluation,Car Evaluation,logistic_regression,1,acc,0.0464751254242899,0.0008805023129128,0.1618310168367282,0.000399889815252,0.7429976851851852,0.0033683229109165,0.3498768076973015,0.0134370765041069,0.1822916666666666,0.0077641249218742
multi_imv_car_evaluation,Car Evaluation,logistic_regression,2,good,0.0031090622444484,0.0004267608855486,0.0378114344455241,0.0001215076183223,0.9600694444444444,0.0,0.0,0.0,0.0,0.0
multi_imv_car_evaluation,Car Evaluation,logistic_regression,3,vgood,0.0196217665584923,0.0001840311317627,0.0289008582507679,0.000220267386569,0.9548032407407409,0.0008386213394785,0.3390650406504065,0.0174470294512072,0.2123076923076923,0.0121355482730248
multi_imv_car_evaluation,Car Evaluation,xgboost,0,unacc,0.4042672100117299,0.0005351560753114,0.0198901393931909,0.0004559961614791,0.9783564814814816,0.0019520232470175,0.9931901183027458,0.001985257366844,0.975785123966942,0.0020633590425425
multi_imv_car_evaluation,Car Evaluation,xgboost,1,acc,0.2520042115734863,0.0004676619382054,0.0322947680123896,0.0005141293692929,0.970601851851852,0.0024216596954437,0.9193056473338702,0.0088826243391105,0.9513020833333334,0.005496923680204
multi_imv_car_evaluation,Car Evaluation,xgboost,2,good,0.0341458041209273,0.0002567358719372,0.011445222942198,0.0005465972907814,0.988715277777778,0.0019719375289603,0.8367334043800974,0.0176601652096975,0.8913043478260869,0.0433438609780829
multi_imv_car_evaluation,Car Evaluation,xgboost,3,vgood,0.035570307092179,0.0001754069343836,0.005033571250709,0.0004128081269476,0.9954282407407408,0.0014030167087938,0.9185464790423428,0.0249675612638042,0.9646153846153848,0.0192563931851472
multi_imv_dry_bean,Dry Bean,lightgbm,0,BARBUNYA,0.1012383110731743,9.17524762969303e-05,0.0095288846560812,0.0001652199576556,0.9874733671295276,0.0003997949628319,0.9460100973122844,0.0021440372441529,0.92375189107413,0.0033790954246597
multi_imv_dry_bean,Dry Bean,lightgbm,1,BOMBAY,0.03972453064087,8.714323090049018e-05,0.0001860520545642,3.411352829162137e-05,0.9998089780324736,3.793973840963603e-05,0.9973202026045056,0.0009848528140983,0.9977011494252874,0.0008077337573865
multi_imv_dry_bean,Dry Bean,lightgbm,2,CALI,0.1289755032397253,0.0002529928629858,0.0101798559286889,0.0003082207664761,0.9866872382631694,0.0006241826883971,0.9436046758617216,0.0030635108074411,0.9453374233128834,0.0026419178502607
multi_imv_dry_bean,Dry Bean,lightgbm,3,DERMASON,0.3269316057416155,0.0002429480477735,0.0293298963140158,0.0001987801766076,0.9576225112041732,0.0007213540641324,0.9102270707762176,0.0019286141751317,0.9289622109419065,0.0016087912660422
multi_imv_dry_bean,Dry Bean,lightgbm,4,HOROZ,0.1575168965982169,0.0001436638975873,0.0096852474361024,0.0001255667274789,0.9875615311145396,0.0003464274169374,0.9592231531891502,0.0027504728647992,0.9526970954356846,0.0010021698994599
multi_imv_dry_bean,Dry Bean,lightgbm,5,SEKER,0.1667221560550998,0.0002172509540243,0.0111098908104989,0.0001837088466633,0.9854676364705016,0.0003074445634947,0.9534523263222932,0.0020965395417651,0.9487419832264432,0.0022481725834743
multi_imv_dry_bean,Dry Bean,lightgbm,6,SIRA,0.209327527216749,0.0002062235876549,0.0350332718896812,0.0002426261756778,0.9504518404231872,0.000859734898635,0.8752187631488733,0.0031206161032908,0.8679059180576632,0.0023440124654999
multi_imv_dry_bean,Dry Bean,logistic_regression,0,BARBUNYA,0.1003991231333222,9.49642385147006e-05,0.0106734263080124,0.0001056588108948,0.985497024465506,0.0002775052623949,0.9421992640086592,0.0012656364784437,0.9062783661119516,0.0022396790712256
multi_imv_dry_bean,Dry Bean,logistic_regression,1,BOMBAY,0.0398387388903098,2.2007040397516743e-06,3.25503630146073e-05,7.556354966293224e-06,0.999985306002498,3.0977666692828004e-05,1.0,0.0,0.999616858237548,0.0008077337573865
multi_imv_dry_bean,Dry Bean,logistic_regression,2,CALI,0.1280685043086285,3.816069574954335e-05,0.0111280509371146,5.6808571728948834e-05,0.9852766145029754,0.0001393995001176,0.934107584000918,0.0009709481841842,0.9436196319018404,0.0006100790957127
multi_imv_dry_bean,Dry Bean,logistic_regression,3,DERMASON,0.3247958102037217,7.62559675572457e-05,0.0304539676899861,5.847934614979265e-05,0.958283741091764,0.0002516637538983,0.922751766064612,0.0005986497266477,0.9166102650874224,0.0005802331025385
multi_imv_dry_bean,Dry Bean,logistic_regression,4,HOROZ,0.1570381756327908,5.97861215010622e-05,0.0101228553178373,6.430181785134588e-05,0.987098670193226,0.0001393995001176,0.9547448373741108,0.0010284072120877,0.9541493775933608,0.0005575558608781
multi_imv_dry_bean,Dry Bean,logistic_regression,5,SEKER,0.1657186434026613,0.0001272709792881,0.0117655216778382,8.993016534994062e-05,0.9845492616266256,0.0001834299053321,0.9493455549427878,0.0009898115492887,0.9467686235816478,0.0008205870711971
multi_imv_dry_bean,Dry Bean,logistic_regression,6,SIRA,0.2066011690704402,6.338935456850056e-05,0.0373158060075005,6.438372112830102e-05,0.9476085519065462,0.0003801080885301,0.8560542740226309,0.0012338970471358,0.8769347496206373,0.0011889387226649
multi_imv_dry_bean,Dry Bean,xgboost,0,BARBUNYA,0.1011806305935604,0.0001005076846408,0.0095742350374189,0.0001587971362321,0.9873264271545074,0.0005608690270417,0.9462111175500376,0.0040466527200141,0.9219364599092283,0.002870448708171
multi_imv_dry_bean,Dry Bean,xgboost,1,BOMBAY,0.0397994202879384,3.0651647245405284e-05,0.0001529717017345,6.030436969179341e-05,0.9998163250312248,8.658521063679941e-05,0.9963693021762294,0.0010849427023968,0.9988505747126436,0.0013394749018775
multi_imv_dry_bean,Dry Bean,xgboost,2,CALI,0.1289618067249978,0.0001427674059404,0.0102275157778008,0.0001796979295421,0.9864815222981412,0.0004710744755876,0.9412378201876092,0.0029344165184362,0.9461963190184048,0.0021844090295667
multi_imv_dry_bean,Dry Bean,xgboost,3,DERMASON,0.3274237447129974,0.0001770082368556,0.0290254467446135,0.0001380357348658,0.957468224230402,0.0006511299951162,0.90942730898554,0.001728681610182,0.9293006204173716,0.0015732457544144
multi_imv_dry_bean,Dry Bean,xgboost,4,HOROZ,0.157691473560481,9.710003734960774e-05,0.0096685167298192,0.0001001842208735,0.9875909191095438,0.0002865434169084,0.9595132653224298,0.0015317890981597,0.9525933609958508,0.0013657273622498
multi_imv_dry_bean,Dry Bean,xgboost,5,SEKER,0.1670691257575078,0.0001281874274189,0.0108198531634097,0.0001690252790316,0.985658658438028,0.0004419070288693,0.9548598786861024,0.0019474153961927,0.9485446472619636,0.0019184657895859
multi_imv_dry_bean,Dry Bean,xgboost,6,SIRA,0.2098017561296941,0.0001966993452066,0.0347493840636364,0.0001610571672005,0.9503636764381748,0.0006902530416066,0.8755881351279224,0.0021861638499801,0.8668816388467375,0.0024808887795776
multi_imv_nursery,Nursery,lightgbm,0,not_recom,0.5198478286606268,2.1324745460201335e-07,1.1902837971104378e-08,8.773332925783893e-10,1.0,0.0,1.0,0.0,1.0,0.0
multi_imv_nursery,Nursery,lightgbm,1,priority,0.4947136783725384,0.0002097472243498,0.0104914422639035,0.0002796968900636,0.9976405384006334,0.0006027596695115,0.9997875515755436,0.0002827536824802,0.9932255039849978,0.0016628728957025
multi_imv_nursery,Nursery,lightgbm,2,spec_prior,0.4560651415387601,0.00020373954111,0.0104913847370965,0.0002796845120538,0.9976405384006334,0.0006027596695115,0.99290529617516,0.0017304483274799,0.9997774480712168,0.0002960482195197
multi_imv_nursery,Nursery,logistic_regression,0,not_recom,0.5196007701270114,2.234262029252252e-06,3.9185076304404425e-06,6.1868540882792e-08,1.0,0.0,1.0,0.0,1.0,0.0
multi_imv_nursery,Nursery,logistic_regression,1,priority,0.3098416874806858,9.999945301591348e-05,0.1345047768459695,5.311811477749497e-05,0.7874901029295328,0.0005278437582475,0.6819981537871,0.0007392403196011,0.6948195030473512,0.0012426027454944
multi_imv_nursery,Nursery,logistic_regression,2,spec_prior,0.2756083404407284,9.759768932877509e-05,0.1345055391623573,5.306881745271091e-05,0.7874901029295328,0.0005278437582475,0.6715533295706462,0.0009612324764761,0.6582344213649851,0.0009853345533972
multi_imv_nursery,Nursery,xgboost,0,not_recom,0.5197867779593951,8.432413438360028e-07,3.928205388493394e-07,1.3312769065059114e-08,1.0,0.0,1.0,0.0,1.0,0.0
multi_imv_nursery,Nursery,xgboost,1,priority,0.4865891947812318,0.0001794930355523,0.0167414471963247,0.000167272314211,0.99403008709422,0.0005254630927313,0.9992376287567688,0.0002703843591808,0.983075480543835,0.0015422947074824
multi_imv_nursery,Nursery,xgboost,2,spec_prior,0.4481423742876232,0.0001735958762542,0.0167426068459467,0.0001668629437934,0.99403008709422,0.0005254630927313,0.982448177120489,0.0015708554156782,0.9992087042532146,0.0002807350208692
