seed,variant,geometric_mean_likelihood,information_deficit_nats,roc_auc,balanced_accuracy,parameters,minutes,cached
42,FullFeatures,0.732407582633577,0.38172906745616125,0.9257171407642154,0.842492864869395,3042,0.022164388233310697,False
42,NoGeometry,0.7031357979608714,0.3409419439525802,0.9072912188618866,0.825823178349554,2914,0.017835607400047592,False
42,NoConcentration,0.6940606592429077,0.3279512635141431,0.898505968057584,0.8028372134890052,2850,0.01402118528324839,False
42,NoMoments,0.7373319134214341,0.38843004981060425,0.9296293379188543,0.8472625192636887,2850,0.014064221433363855,False
42,NoOrientation,0.6630735826721624,0.28227787002792315,0.8643510406659765,0.7748790636101355,2914,0.013670520866677785,False
43,FullFeatures,0.737840706854754,0.38911985851028014,0.93290920885796,0.8267393190315155,3042,0.022465397033374756,False
43,NoGeometry,0.7072082282901017,0.3467170478591518,0.9110400723523195,0.8120719503621496,2914,0.01749497078320322,False
43,NoConcentration,0.6895795463219292,0.32147396028139985,0.8960449493828635,0.7870433167222008,2850,0.014075554466641431,False
43,NoMoments,0.7359573044382438,0.38656400834989824,0.9316447504217449,0.8291775433112903,2850,0.013962711516796844,False
43,NoOrientation,0.6531113854447284,0.26713959126162823,0.851824987157541,0.7563581812284375,2914,0.013578472283309868,False
44,FullFeatures,0.7357641590332219,0.3863015328599027,0.9265017529374702,0.8424271976124666,3042,0.03202893541674712,False
44,NoGeometry,0.7058306699194045,0.3447672659970122,0.908742397341805,0.8205725137231957,2914,0.01599421265006337,False
44,NoConcentration,0.6952690385342931,0.3296907780412171,0.8980143851061618,0.8006070486864997,2850,0.013856392849993427,False
44,NoMoments,0.7369806224166865,0.3879535009068183,0.9268567635140693,0.8493811370270987,2850,0.02447749933344312,False
44,NoOrientation,0.6544840674747435,0.2692391435829459,0.8521867875539112,0.7663737473752497,2914,0.034333882483285075,False
45,FullFeatures,0.7306826150854915,0.3793710879549394,0.9258278148264834,0.8413773944784411,3042,0.02263739301682411,False
45,NoGeometry,0.697456860380183,0.3328325644433054,0.9033644720934529,0.8115244968937545,2914,0.02816238171653822,False
45,NoConcentration,0.6878464904987872,0.31895759034020893,0.8965999686504321,0.7887513443843146,2850,0.029371418049898543,False
45,NoMoments,0.7267253443133674,0.3739405144878966,0.9237728273740703,0.8340532158914373,2850,0.016048497333395063,False
45,NoOrientation,0.6519350552199499,0.2653368499848402,0.8541205282246986,0.7572204883393575,2914,0.017428163216876177,False
46,FullFeatures,0.7358295888457772,0.3863904566035551,0.9296045065779774,0.8422444544632007,3042,0.022437250833415117,False
46,NoGeometry,0.7081566273769515,0.3480571959135506,0.9136905269986514,0.8121629339470813,2914,0.017982678599946667,False
46,NoConcentration,0.6952828042300631,0.32971057693737765,0.9014405281626205,0.8042311634879964,2850,0.014628551899901747,False
46,NoMoments,0.7381568000914924,0.38954816985915863,0.9304683656477023,0.8446621152888119,2850,0.014574416133352011,False
46,NoOrientation,0.6581777761100606,0.27486697287109707,0.8548852559257666,0.7712043161526321,2914,0.014207701866689603,False
47,FullFeatures,0.7335296090920348,0.38325986520643135,0.9287743056148317,0.8296688352704366,3042,0.02195416993345134,False
47,NoGeometry,0.6982095345316529,0.3339111520301136,0.9055219858244082,0.8017114613709694,2914,0.033966485966811885,False
47,NoConcentration,0.684573430141004,0.3141878161421845,0.8942959888072732,0.7747920569196411,2850,0.03139370706679377,False
47,NoMoments,0.7304682631213891,0.3790776864057399,0.9257189837152963,0.830079425371733,2850,0.03508953639999769,False
47,NoOrientation,0.6445513364795018,0.25394637397264885,0.8462835242501322,0.744021466694188,2914,0.028798275033477694,False
48,FullFeatures,0.7268081599866545,0.3740544653161805,0.9235532252031902,0.8340990956736045,3042,0.013447159000012714,False
48,NoGeometry,0.7001213454127948,0.3366455721874425,0.9067317377127541,0.8064557994372598,2914,0.01511906649999825,False
48,NoConcentration,0.6879051119127675,0.3190428112680465,0.8964366249862263,0.7865164267079694,2850,0.015496388566680253,False
48,NoMoments,0.7302700547807491,0.3788063053658544,0.9258276208316327,0.8336378729163013,2850,0.013195578050120579,False
48,NoOrientation,0.6571509849270314,0.27330570329041537,0.8577112759118922,0.7680714933102816,2914,0.013122399533313001,False
49,FullFeatures,0.7308083296114289,0.37954312395243045,0.9256152934676501,0.8334250605651924,3042,0.032529462216674195,False
49,NoGeometry,0.701597460196836,0.33875172261331704,0.9061687646563108,0.8122341300572518,2914,0.031697913150128446,False
49,NoConcentration,0.6860941694039261,0.31640679306615793,0.8920952142246337,0.7894807650225732,2850,0.01910278851670834,False
49,NoMoments,0.7325152080664671,0.38187600411899014,0.9275343875272174,0.8326442312915245,2850,0.012494585316502101,False
49,NoOrientation,0.6541099241770597,0.26866731869261995,0.851744964281668,0.7615740237791129,2914,0.012542314633416632,False
50,FullFeatures,0.74600432920963,0.4001233049947975,0.9362556200308219,0.8458986384665406,3042,0.015202077199986282,False
50,NoGeometry,0.710621969221296,0.3515325011254694,0.9142870611642484,0.8254885372322678,2914,0.01785728738323087,False
50,NoConcentration,0.6966214302234695,0.3316340230667521,0.9019647022489434,0.7973025404013676,2850,0.013760550099929485,False
50,NoMoments,0.7395765305066029,0.39146966790286564,0.932614336685047,0.8431059855947183,2850,0.013464181850091942,False
50,NoOrientation,0.6622993013265921,0.2811094721483488,0.8633973619804236,0.7751575432181728,2914,0.013251370883275134,False
51,FullFeatures,0.7422410985274316,0.3950660225966259,0.9322763976553006,0.8428520463352821,3042,0.016396345100171555,False
51,NoGeometry,0.7076872204780704,0.3473941186726656,0.9107778883117326,0.8180678462070903,2914,0.01358182515007987,False
51,NoConcentration,0.7045700739377153,0.3429796941698466,0.9082648790170513,0.8091780321783139,2850,0.013328794750123052,False
51,NoMoments,0.7399741439619397,0.39200714657361363,0.9298757113791172,0.8452087927778045,2850,0.013317932566618158,False
51,NoOrientation,0.6617728637443969,0.28031429251415374,0.8587754346648623,0.7682083566773803,2914,0.012927717966522322,False
