seed,enhanced,basic,ablation_imv
42,FullCNN,FullCNN,0.0
42,FullCNN,NoConv2,0.014434205293044726
42,FullCNN,NoHidden,0.004379903611520248
42,FullCNN,NoDropout,0.002163459051357766
42,FullCNN,Linear,0.16095046912035235
42,NoConv2,FullCNN,-0.014228823533089604
42,NoConv2,NoConv2,0.0
42,NoConv2,NoHidden,-0.009911240797149619
42,NoConv2,NoDropout,-0.012096147958794672
42,NoConv2,Linear,0.14443150976458127
42,NoHidden,FullCNN,-0.004360803711594703
42,NoHidden,NoConv2,0.010010456845434192
42,NoHidden,NoHidden,0.0
42,NoHidden,NoDropout,-0.0022067790804979814
42,NoHidden,Linear,0.1558877920056347
42,NoDropout,FullCNN,-0.0021587886006197874
42,NoDropout,NoConv2,0.012244256294579307
42,NoDropout,NoHidden,0.0022116597249120973
42,NoDropout,NoDropout,0.0
42,NoDropout,Linear,0.15844422248173115
42,Linear,FullCNN,-0.13863680958094957
42,Linear,NoConv2,-0.126203716458569
42,Linear,NoHidden,-0.13486412183240257
42,Linear,NoDropout,-0.13677328559013105
42,Linear,Linear,0.0
43,FullCNN,FullCNN,0.0
43,FullCNN,NoConv2,0.03371404052635099
43,FullCNN,NoHidden,0.005988962474513751
43,FullCNN,NoDropout,0.0013695302877763283
43,FullCNN,Linear,0.22031178910395932
43,NoConv2,FullCNN,-0.03261447480115906
43,NoConv2,NoConv2,0.0
43,NoConv2,NoHidden,-0.02682083919235543
43,NoConv2,NoDropout,-0.03128961102444284
43,NoConv2,Linear,0.1805119610086709
43,NoHidden,FullCNN,-0.0059533083343004155
43,NoHidden,NoConv2,0.02756002211360211
43,NoHidden,NoHidden,0.0
43,NoHidden,NoDropout,-0.004591931282600383
43,NoHidden,Linear,0.21304689675944166
43,NoDropout,FullCNN,-0.001367657239763176
43,NoDropout,NoConv2,0.032300274034980286
43,NoDropout,NoHidden,0.0046131143868636355
43,NoDropout,NoDropout,0.0
43,NoDropout,Linear,0.21864282085082293
43,Linear,FullCNN,-0.18053729470705848
43,Linear,NoConv2,-0.15290989585097903
43,Linear,NoHidden,-0.17562956331579554
43,Linear,NoDropout,-0.1794150157124567
43,Linear,Linear,0.0
44,FullCNN,FullCNN,0.0
44,FullCNN,NoConv2,0.011961567291884578
44,FullCNN,NoHidden,0.004948409502329203
44,FullCNN,NoDropout,-0.00036722594741090824
44,FullCNN,Linear,0.15891132536033184
44,NoConv2,FullCNN,-0.011820179420345961
44,NoConv2,NoConv2,0.0
44,NoConv2,NoHidden,-0.006930261006179634
44,NoConv2,NoDropout,-0.012183064691170666
44,NoConv2,Linear,0.1452127855623018
44,NoHidden,FullCNN,-0.004924043319576729
44,NoHidden,NoConv2,0.006978624696792578
44,NoHidden,NoHidden,0.0
44,NoHidden,NoDropout,-0.005289461030514513
44,NoHidden,Linear,0.1532047957907095
44,NoDropout,FullCNN,0.00036736085184776974
44,NoDropout,NoConv2,0.012333322355282129
44,NoDropout,NoHidden,0.00531758820610704
44,NoDropout,NoDropout,0.0
44,NoDropout,Linear,0.15933706401203224
44,Linear,FullCNN,-0.13712121185020149
44,Linear,NoConv2,-0.12679982916100785
44,Linear,NoHidden,-0.13285133425556273
44,Linear,NoDropout,-0.13743808333068058
44,Linear,Linear,0.0
45,FullCNN,FullCNN,0.0
45,FullCNN,NoConv2,0.019158021061067485
45,FullCNN,NoHidden,0.0027907750935887727
45,FullCNN,NoDropout,-0.00029975141493669954
45,FullCNN,Linear,0.0824763349872246
45,NoConv2,FullCNN,-0.018797890675600684
45,NoConv2,NoConv2,0.0
45,NoConv2,NoHidden,-0.016059576267121383
45,NoConv2,NoDropout,-0.01909200739620955
45,NoConv2,Linear,0.062128063183209854
45,NoHidden,FullCNN,-0.0027830083432192664
45,NoHidden,NoConv2,0.0163216957853957
45,NoHidden,NoHidden,0.0
45,NoHidden,NoDropout,-0.0030819255474673055
45,NoHidden,Linear,0.07946379431561774
45,NoDropout,FullCNN,0.0002998412927884694
45,NoDropout,NoConv2,0.019463606719658175
45,NoDropout,NoHidden,0.0030914531759891855
45,NoDropout,NoDropout,0.0
45,NoDropout,Linear,0.0828009060909201
45,Linear,FullCNN,-0.07619227536110339
45,Linear,NoConv2,-0.05849394751609457
45,Linear,NoHidden,-0.07361413577191624
45,Linear,NoDropout,-0.07646918803369335
45,Linear,Linear,0.0
46,FullCNN,FullCNN,0.0
46,FullCNN,NoConv2,0.01189898943982066
46,FullCNN,NoHidden,0.011288269104098745
46,FullCNN,NoDropout,0.00037320975729890484
46,FullCNN,Linear,0.08336540956055255
46,NoConv2,FullCNN,-0.01175906840899984
46,NoConv2,NoConv2,0.0
46,NoConv2,NoHidden,-0.0006035388335153913
46,NoConv2,NoDropout,-0.01139024725076792
46,NoConv2,Linear,0.07062604159758588
46,NoHidden,FullCNN,-0.011162266436749073
46,NoHidden,NoConv2,0.0006039033126162437
46,NoHidden,NoHidden,0.0
46,NoHidden,NoDropout,-0.010793222546197932
46,NoHidden,Linear,0.07127259621067988
46,NoDropout,FullCNN,-0.0003730705237392848
46,NoDropout,NoConv2,0.011521479753859093
46,NoDropout,NoHidden,0.010910987259892686
46,NoDropout,NoDropout,0.0
46,NoDropout,Linear,0.08296123785980677
46,Linear,FullCNN,-0.07695040733704818
46,Linear,NoConv2,-0.06596704998152096
46,Linear,NoHidden,-0.06653077513864006
46,Linear,NoDropout,-0.07660591622259559
46,Linear,Linear,0.0
47,FullCNN,FullCNN,0.0
47,FullCNN,NoConv2,-0.032209638674474225
47,FullCNN,NoHidden,-0.04007168128701411
47,FullCNN,NoDropout,-0.037659772163506924
47,FullCNN,Linear,0.14028198008521164
47,NoConv2,FullCNN,0.03328162788308676
47,NoConv2,NoConv2,0.0
47,NoConv2,NoHidden,-0.008123704189171412
47,NoConv2,NoDropout,-0.005631522803727832
47,NoConv2,Linear,0.17823242062819702
47,NoHidden,FullCNN,0.04174445164899376
47,NoHidden,NoConv2,0.008190239270241387
47,NoHidden,NoHidden,0.0
47,NoHidden,NoDropout,0.002512592947295204
47,NoHidden,Linear,0.18788242606909764
47,NoDropout,FullCNN,0.03913353206502922
47,NoDropout,NoConv2,0.005663416462684446
47,NoDropout,NoHidden,-0.0025062956465298964
47,NoDropout,NoDropout,0.0
47,NoDropout,Linear,0.18490524151605128
47,Linear,FullCNN,-0.12302393840752318
47,Linear,NoConv2,-0.15127102047758031
47,Linear,NoHidden,-0.15816584364399777
47,Linear,NoDropout,-0.15605065707994548
47,Linear,Linear,0.0
48,FullCNN,FullCNN,0.0
48,FullCNN,NoConv2,0.011716202162204753
48,FullCNN,NoHidden,0.005857157884655235
48,FullCNN,NoDropout,-7.544367059371732e-05
48,FullCNN,Linear,0.07902345187982694
48,NoConv2,FullCNN,-0.011580522420383595
48,NoConv2,NoConv2,0.0
48,NoConv2,NoHidden,-0.005791193483931336
48,NoConv2,NoDropout,-0.011655092413858526
48,NoConv2,Linear,0.06652779660321291
48,NoHidden,FullCNN,-0.005823051353507288
48,NoHidden,NoConv2,0.005824926761838874
48,NoHidden,NoHidden,0.0
48,NoHidden,NoDropout,-0.00589805571173284
48,NoHidden,Linear,0.07274024290789201
48,NoDropout,FullCNN,7.544936277058869e-05
48,NoDropout,NoConv2,0.011792535504962572
48,NoDropout,NoHidden,0.005933049166255868
48,NoDropout,NoDropout,0.0
48,NoDropout,Linear,0.07910486351168579
48,Linear,FullCNN,-0.0732360837404931
48,Linear,NoConv2,-0.062377930340960126
48,Linear,NoHidden,-0.06780788116115977
48,Linear,NoDropout,-0.07330600221210953
48,Linear,Linear,0.0
49,FullCNN,FullCNN,0.0
49,FullCNN,NoConv2,0.005959230587905323
49,FullCNN,NoHidden,-0.0027159925972233007
49,FullCNN,NoDropout,0.0038644154410601124
49,FullCNN,Linear,0.07397130982220454
49,NoConv2,FullCNN,-0.005923928531798067
49,NoConv2,NoConv2,0.0
49,NoConv2,NoHidden,-0.008623831782982525
49,NoConv2,NoDropout,-0.002082405611627971
49,NoConv2,Linear,0.06760918053761623
49,NoHidden,FullCNN,0.002723389302407998
49,NoHidden,NoConv2,0.008698849195147004
49,NoHidden,NoHidden,0.0
49,NoHidden,NoDropout,0.006598329051140354
49,NoHidden,Linear,0.07689615179846744
49,NoDropout,FullCNN,-0.003849539222248688
49,NoDropout,NoConv2,0.0020867510737740693
49,NoDropout,NoHidden,-0.006555076499441641
49,NoDropout,NoDropout,0.0
49,NoDropout,Linear,0.06983701514147417
49,Linear,FullCNN,-0.06887643007377027
49,Linear,NoConv2,-0.06332765001474629
49,Linear,NoHidden,-0.07140535479679004
49,Linear,NoDropout,-0.06527818177261234
49,Linear,Linear,0.0
50,FullCNN,FullCNN,0.0
50,FullCNN,NoConv2,0.012949332029117867
50,FullCNN,NoHidden,0.0022934383426794556
50,FullCNN,NoDropout,0.0001914816407258987
50,FullCNN,Linear,0.14434544095404858
50,NoConv2,FullCNN,-0.012783790481581195
50,NoConv2,NoConv2,0.0
50,NoConv2,NoHidden,-0.010519670974156979
50,NoConv2,NoDropout,-0.012594756702031406
50,NoConv2,Linear,0.12971636859833938
50,NoHidden,FullCNN,-0.0022881905188082653
50,NoHidden,NoConv2,0.010631510971535673
50,NoHidden,NoHidden,0.0
50,NoHidden,NoDropout,-0.0020971470245572015
50,NoHidden,Linear,0.14172696056581607
50,NoDropout,FullCNN,-0.00019144498252653578
50,NoDropout,NoConv2,0.012755407961947286
50,NoDropout,NoHidden,0.00210155429288948
50,NoDropout,NoDropout,0.0
50,NoDropout,Linear,0.14412636176110083
50,Linear,FullCNN,-0.12613799626248068
50,Linear,NoConv2,-0.11482206702845331
50,Linear,NoHidden,-0.12413384763689836
50,Linear,NoDropout,-0.125970667732237
50,Linear,Linear,0.0
51,FullCNN,FullCNN,0.0
51,FullCNN,NoConv2,0.009615995731874095
51,FullCNN,NoHidden,0.006090398938406806
51,FullCNN,NoDropout,0.002412604093003833
51,FullCNN,Linear,0.15072774750345375
51,NoConv2,FullCNN,-0.00952440905505209
51,NoConv2,NoConv2,0.0
51,NoConv2,NoHidden,-0.003492017567443126
51,NoConv2,NoDropout,-0.007134783590317919
51,NoConv2,Linear,0.13976774572523215
51,NoHidden,FullCNN,-0.006053530522538723
51,NoHidden,NoConv2,0.0035042544856678697
51,NoHidden,NoHidden,0.0
51,NoHidden,NoDropout,-0.00365553120205069
51,NoHidden,Linear,0.14376178196080935
51,NoDropout,FullCNN,-0.0024067974436402756
51,NoDropout,NoConv2,0.007186054534288289
51,NoDropout,NoHidden,0.0036689431381708233
51,NoDropout,NoDropout,0.0
51,NoDropout,Linear,0.1479581789024365
51,Linear,FullCNN,-0.13098471626365416
51,Linear,NoConv2,-0.1226282690043121
51,Linear,NoHidden,-0.12569206650212703
51,Linear,NoDropout,-0.12888812643322897
51,Linear,Linear,0.0
